{
  "config": {
    "type": "rl",
    "num_gpus": 8,
    "model_name": "Qwen/Qwen3-30B-A3B-Instruct-2507",
    "lora_rank": 16,
    "seq_len": 16384,
    "ac": "Recompute",
    "attention": "flash_attention_2",
    "output": "/tmp/benchmark_result.json",
    "dry_run": false,
    "timeout": 1500,
    "micro_batches": 2,
    "docker_image": "primeintellect/prime-rl-jackmin@sha256:5a146f7dfdcdf6b0e90fd3f1ed0874d22a3a0641378dc8dad46ce213d02fa2e6",
    "device_name": "NVIDIA B200",
    "commit_sha": "unknown",
    "timestamp": "2026-01-15T23:32:10.654918+00:00",
    "success": true,
    "error_reason": null,
    "time_taken": 244.50675971500004
  },
  "metrics": {
    "mfu": {
      "mean": 1.8819492849425725,
      "std": 0.018657004256960857,
      "min": 1.8647429725679725,
      "max": 1.9017792358057817
    },
    "throughput": {
      "mean": 9266.367565195435,
      "std": 91.86361210349598,
      "min": 9181.646889574527,
      "max": 9364.006547801635
    },
    "step_time": {
      "mean": 28.328965114333794,
      "std": 0.6755728629253066,
      "min": 27.88586488400142,
      "max": 29.106523622000168
    },
    "peak_memory": {
      "gib": 32.041666666666664,
      "pct": 17.96443277014256
    }
  }
}