{
  "config": {
    "type": "rl",
    "num_gpus": 1,
    "model_name": "Qwen/Qwen3-0.6B",
    "lora_rank": 16,
    "seq_len": 65536,
    "ac": "Recompute",
    "attention": "flash_attention_2",
    "output": "/tmp/benchmark_result.json",
    "dry_run": false,
    "timeout": 1500,
    "micro_batches": 2,
    "docker_image": "primeintellect/prime-rl-jackmin@sha256:5a146f7dfdcdf6b0e90fd3f1ed0874d22a3a0641378dc8dad46ce213d02fa2e6",
    "device_name": "NVIDIA RTX A6000",
    "commit_sha": "unknown",
    "timestamp": "2026-01-15T22:09:42.402759+00:00",
    "success": true,
    "error_reason": null,
    "time_taken": 323.0761482360249
  },
  "metrics": {
    "mfu": {
      "mean": 15.980779848317193,
      "std": 0.016794587683451167,
      "min": 15.96452617710017,
      "max": 15.9980675684045
    },
    "throughput": {
      "mean": 1994.95423828766,
      "std": 2.096545612755065,
      "min": 1992.9252177648882,
      "max": 1997.1123438861257
    },
    "step_time": {
      "mean": 65.7679032223338,
      "std": 0.13193422188415097,
      "min": 65.63013747497462,
      "max": 65.89310738901258
    },
    "peak_memory": {
      "gib": 11.453125,
      "pct": 24.161796271330914
    }
  }
}